region_id,region_name
1,south
2,care
3,book
4,smile
5,piece
6,campaign
7,bank
8,understand
9,building
10,mother
11,movie
12,network
13,hand
14,allow
15,movie
16,without
17,question
18,father
19,agree
20,of
21,skin
22,deal
23,either
24,source
25,share
26,continue
27,line
28,water
29,adult
30,federal
31,agree
32,politics
33,within
34,choice
35,five
36,political
37,not
38,research
39,blood
40,various
41,easy
42,agreement
43,group
44,identify
45,if
46,music
47,will
48,college
49,nation
50,consumer
51,woman
52,hundred
53,paper
54,never
55,continue
56,best
57,fine
58,language
59,support
60,determine
61,better
62,morning
63,enter
64,recent
65,director
66,space
67,treatment
68,music
69,magazine
70,dog
71,middle
72,provide
73,give
74,hospital
75,throughout
76,expect
77,hundred
78,once
79,lawyer
80,market
81,animal
82,father
83,impact
84,meet
85,culture
86,sort
87,form
88,figure
89,medical
90,country
91,action
92,where
93,face
94,reality
95,box
96,several
97,include
98,southern
99,difficult
100,whether
101,use
102,foreign
103,experience
104,girl
105,none
106,middle
107,similar
108,imagine
109,compare
110,laugh
111,issue
112,yes
113,eat
114,my
115,position
116,point
117,list
118,rule
119,yard
120,network
121,resource
122,challenge
123,listen
124,everything
125,run
126,resource
127,morning
128,scene
129,enjoy
130,baby
131,check
132,college
133,be
134,should
135,manage
136,away
137,structure
138,yet
139,save
140,before
141,school
142,single
143,also
144,manager
145,interesting
146,your
147,above
148,floor
149,animal
150,ability
151,dark
152,rule
153,can
154,hard
155,thus
156,until
157,manage
158,themselves
159,budget
160,meeting
161,parent
162,method
163,be
164,as
165,north
166,use
167,contain
168,before
169,dog
170,what
171,plant
172,indicate
173,firm
174,mind
175,do
176,dog
177,save
178,within
179,wife
180,away
181,set
182,kind
183,feeling
184,work
185,reality
186,war
187,old
188,around
189,say
190,middle
191,month
192,tell
193,course
194,exactly
195,brother
196,whether
197,gas
198,drive
199,paper
200,know
201,former
202,physical
203,public
204,well
205,own
206,tend
207,home
208,get
209,know
210,however
211,while
212,drug
213,allow
214,front
215,her
216,ago
217,child
218,rock
219,husband
220,increase
221,lay
222,store
223,car
224,which
225,since
226,Democrat
227,civil
228,whole
229,year
230,cost
231,really
232,together
233,card
234,natural
235,realize
236,never
237,blood
238,know
239,if
240,law
241,upon
242,information
243,once
244,fund
245,factor
246,authority
247,memory
248,fast
249,return
250,street
251,call
252,education
253,yet
254,art
255,ten
256,meeting
257,role
258,also
259,attorney
260,wish
261,give
262,more
263,charge
264,late
265,effort
266,interest
267,production
268,section
269,fall
270,challenge
271,toward
272,across
273,direction
274,prepare
275,everyone
276,talk
277,our
278,beat
279,list
280,exactly
281,area
282,month
283,draw
284,section
285,tax
286,reality
287,between
288,standard
289,shake
290,include
291,place
292,green
293,project
294,effect
295,try
296,someone
297,population
298,population
299,miss
300,energy
301,talk
302,man
303,newspaper
304,anyone
305,shoulder
306,still
307,from
308,three
309,fall
310,news
311,grow
312,give
313,the
314,cut
315,only
316,market
317,argue
318,age
319,themselves
320,shoulder
321,good
322,maybe
323,hair
324,improve
325,TV
326,voice
327,religious
328,would
329,anyone
330,according
331,even
332,debate
333,edge
334,develop
335,happy
336,indicate
337,choose
338,with
339,many
340,high
341,each
342,drop
343,plan
344,hundred
345,expect
346,color
347,many
348,deal
349,other
350,rich
351,test
352,leg
353,lot
354,plan
355,life
356,item
357,seven
358,still
359,option
360,forward
361,management
362,but
363,result
364,power
365,husband
366,test
367,wide
368,evening
369,strategy
370,discover
371,machine
372,institution
373,agree
374,nice
375,win
376,often
377,provide
378,watch
379,Republican
380,avoid
381,character
382,finish
383,avoid
384,lot
385,range
386,final
387,book
388,federal
389,space
390,lose
391,simply
392,wind
393,who
394,marriage
395,here
396,cover
397,relationship
398,here
399,against
400,today
401,quite
402,remember
403,answer
404,thousand
405,difference
406,tough
407,former
408,sort
409,high
410,someone
411,language
412,key
413,family
414,hot
415,through
416,expect
417,message
418,ever
419,know
420,exactly
421,pressure
422,different
423,interview
424,by
425,those
426,her
427,news
428,offer
429,industry
430,against
431,sing
432,through
433,Republican
434,clear
435,admit
436,simply
437,store
438,crime
439,beautiful
440,near
441,law
442,human
443,thought
444,when
445,behind
446,imagine
447,myself
448,ok
449,begin
450,matter
451,your
452,apply
453,kitchen
454,whom
455,kid
456,off
457,build
458,science
459,probably
460,wait
461,eat
462,nearly
463,require
464,day
465,huge
466,area
467,discuss
468,improve
469,gun
470,world
471,inside
472,per
473,generation
474,green
475,can
476,wish
477,near
478,then
479,dinner
480,can
481,seek
482,music
483,evening
484,clear
485,note
486,table
487,play
488,join
489,high
490,idea
491,although
492,quality
493,they
494,here
495,rise
496,successful
497,whatever
498,compare
499,fire
500,why
501,real
502,join
503,together
504,paper
505,special
506,national
507,professional
508,ready
509,hospital
510,happy
511,choice
512,real
513,long
514,heart
515,seek
516,sound
517,sport
518,onto
519,outside
520,old
521,environmental
522,somebody
523,save
524,son
525,act
526,lose
527,challenge
528,us
529,nation
530,usually
531,for
532,soldier
533,make
534,girl
535,report
536,blue
537,mention
538,off
539,behind
540,follow
541,against
542,structure
543,church
544,job
545,organization
546,data
547,environmental
548,grow
549,resource
550,hundred
551,whatever
552,point
553,image
554,administration
555,drug
556,together
557,question
558,share
559,activity
560,understand
561,executive
562,as
563,cut
564,rule
565,weight
566,game
567,medical
568,majority
569,life
570,development
571,crime
572,summer
573,know
574,claim
575,just
576,police
577,plant
578,however
579,series
580,tree
581,institution
582,teacher
583,unit
584,make
585,author
586,TV
587,common
588,sport
589,doctor
590,expert
591,parent
592,product
593,eat
594,most
595,across
596,challenge
597,table
598,record
599,along
600,attention
601,green
602,feel
603,baby
604,marriage
605,over
606,spend
607,court
608,soon
609,expert
610,sell
611,piece
612,process
613,study
614,model
615,bed
616,all
617,arrive
618,budget
619,month
620,home
621,or
622,energy
623,member
624,chance
625,say
626,size
627,road
628,hope
629,ten
630,choose
631,successful
632,conference
633,success
634,somebody
635,fight
636,east
637,former
638,front
639,happen
640,none
641,not
642,agent
643,themselves
644,reflect
645,board
646,measure
647,line
648,part
649,fly
650,follow
651,firm
652,next
653,future
654,operation
655,appear
656,evening
657,senior
658,tree
659,prove
660,boy
661,per
662,call
663,group
664,skin
665,heart
666,century
667,indicate
668,drive
669,others
670,born
671,the
672,sit
673,thought
674,ahead
675,remain
676,technology
677,determine
678,life
679,million
680,treat
681,than
682,team
683,campaign
684,study
685,husband
686,management
687,line
688,fire
689,example
690,cause
691,start
692,him
693,write
694,ever
695,through
696,main
697,case
698,myself
699,history
700,learn
701,statement
702,film
703,carry
704,tell
705,physical
706,particular
707,capital
708,tough
709,work
710,beautiful
711,hair
712,region
713,mention
714,however
715,deep
716,value
717,nice
718,past
719,guess
720,question
721,it
722,firm
723,traditional
724,mean
725,sit
726,else
727,improve
728,heavy
729,politics
730,those
731,friend
732,oil
733,base
734,someone
735,business
736,low
737,very
738,traditional
739,special
740,power
741,field
742,style
743,man
744,none
745,wait
746,crime
747,begin
748,summer
749,a
750,recently
751,tend
752,create
753,push
754,push
755,instead
756,turn
757,agreement
758,to
759,network
760,improve
761,capital
762,example
763,campaign
764,charge
765,win
766,behavior
767,commercial
768,institution
769,so
770,myself
771,affect
772,speech
773,six
774,reach
775,deep
776,style
777,year
778,beyond
779,someone
780,like
781,everybody
782,medical
783,special
784,responsibility
785,artist
786,appear
787,soon
788,do
789,arm
790,plant
791,condition
792,sort
793,month
794,technology
795,start
796,form
797,within
798,any
799,few
800,moment
801,much
802,receive
803,result
804,structure
805,foot
806,what
807,inside
808,with
809,environmental
810,question
811,coach
812,someone
813,see
814,instead
815,billion
816,call
817,action
818,charge
819,glass
820,hot
821,itself
822,west
823,foreign
824,into
825,something
826,newspaper
827,own
828,present
829,admit
830,begin
831,early
832,life
833,card
834,cup
835,up
836,happen
837,then
838,response
839,memory
840,popular
841,mission
842,government
843,catch
844,bar
845,themselves
846,then
847,student
848,assume
849,least
850,life
851,at
852,important
853,marriage
854,through
855,have
856,represent
857,prevent
858,serve
859,participant
860,quality
861,heart
862,decade
863,coach
864,study
865,in
866,early
867,care
868,picture
869,likely
870,picture
871,financial
872,yeah
873,almost
874,account
875,chair
876,sign
877,against
878,water
879,yeah
880,green
881,between
882,kid
883,edge
884,threat
885,sell
886,take
887,I
888,piece
889,nearly
890,community
891,question
892,treat
893,see
894,wind
895,throw
896,marriage
897,nothing
898,reason
899,recently
900,staff
901,truth
902,something
903,imagine
904,democratic
905,key
906,off
907,item
908,look
909,avoid
910,manager
911,call
912,occur
913,war
914,should
915,girl
916,mean
917,this
918,sport
919,up
920,too
921,city
922,body
923,wish
924,blood
925,can
926,without
927,put
928,sort
929,happen
930,whatever
931,beyond
932,news
933,animal
934,story
935,not
936,lawyer
937,interest
938,class
939,future
940,night
941,successful
942,religious
943,down
944,time
945,interesting
946,determine
947,certainly
948,dream
949,role
950,question
951,major
952,test
953,rule
954,continue
955,study
956,role
957,newspaper
958,nor
959,every
960,left
961,win
962,important
963,me
964,article
965,quality
966,challenge
967,enter
968,serve
969,long
970,suggest
971,might
972,scene
973,may
974,stage
975,our
976,somebody
977,kid
978,successful
979,not
980,writer
981,recently
982,put
983,magazine
984,plant
985,collection
986,anyone
987,explain
988,control
989,wide
990,new
991,house
992,wind
993,environment
994,thousand
995,bed
996,response
997,will
998,make
999,individual
1000,hear
